UserName,FirstName,LastName,Email
warnet0,Wallache,Arnet,warnet0@topsy.com
rkeating1,Rafael,Keating,rkeating1@goodreads.com
ndewar2,Nananne,Dewar,ndewar2@zdnet.com
bind3,Broddie,Ind,bind3@deviantart.com
dextill4,Danna,Extill,dextill4@plala.or.jp
asampson5,Alexis,Sampson,asampson5@geocities.jp
ftreharne6,Fay,Treharne,ftreharne6@google.cn
rambrogini7,Rozamond,Ambrogini,rambrogini7@g.co
mgibbieson8,Milzie,Gibbieson,mgibbieson8@canalblog.com
ccornely9,Cody,Cornely,ccornely9@zimbio.com
hlimprechta,Halie,Limprecht,hlimprechta@cbslocal.com
slornsenb,Stevie,Lornsen,slornsenb@cdbaby.com
eboobierc,Eustacia,Boobier,eboobierc@icio.us
vklousnerd,Vere,Klousner,vklousnerd@omniture.com
emitchesone,Ellynn,Mitcheson,emitchesone@dropbox.com
hsorbeyf,Husein,Sorbey,hsorbeyf@eventbrite.com
tkobischg,Tulley,Kobisch,tkobischg@google.ca
amenhcih,Annabella,Menhci,amenhcih@army.mil
lsodeaui,Lauri,Sodeau,lsodeaui@boston.com
kpetcheyj,Kaylee,Petchey,kpetcheyj@reverbnation.com